<?xml version="1.0" encoding="utf-8"?>
<prefix name="emaillists" label="emaillists" language_tag="en" language_label="English">

<key name="admin_config_title">
<value>Email Lists</value>
</key>

<key name="admin_config_head">
<value>Email Lists | Admin</value>
</key>

<key name="export_txt">
<value>Export .txt File</value>
</key>

<key name="export_csv">
<value>Export .csv File</value>
</key>

<key name="orderby_id">
<value>ID</value>
</key>

<key name="orderby_uname">
<value>Username</value>
</key>

<key name="orderby_email">
<value>Email</value>
</key>

<key name="ordering">
<value>Ordering by </value>
</key>

<key name="orderby_activity">
<value>Activity (Default)</value>
</key>

<key name="website_name">
<value>{$site_name}</value>
</key>

<key name="jbtech_title">
<value>JB-Tech | Oxwall&amp;Skadate Solutions</value>
</key>

<key name="jbtech_heading">
<value>JB-Tech | Oxwall&amp;Skadate Solutions</value>
</key>

<key name="settings_submit">
<value>Save</value>
</key>

<key name="export_type_settings">
<value>Export Settings</value>
</key>



</prefix>